{
  "project_info": {
    "project_number": "112004300036",
    "project_id": "firebase-techhome"
  },
  "client": [
    {
      "client_info": {
        "mobilesdk_app_id": "1:112004300036:android:8ef2e1616240f17a",
        "android_client_info": {
          "package_name": "com.techHome"
        }
      },
      "oauth_client": [],
      "api_key": [
        {
          "current_key": "AIzaSyACawJz1j5GLOBqFc-RKuWNJlPfyEQsj5k"
        }
      ],
      "services": {
        "analytics_service": {
          "status": 2,
          "analytics_property": {
            "tracking_id": "UA-81525436-1"
          }
        },
        "appinvite_service": {
          "status": 1,
          "other_platform_oauth_client": []
        },
        "ads_service": {
          "status": 1
        }
      }
    }
  ],
  "configuration_version": "1"
}